name,rating,viewnum,record_date
일일연속극(꽃길만걸어요),18.7,2962.0,2020-01-10
금토드라마(스토브리그),12.2,2284.0,2020-01-10
일일드라마(우아한모녀),13.5,2153.0,2020-01-10
나혼자산다,9.6,2040.0,2020-01-10
KBS9시뉴스,12.3,1864.0,2020-01-10
궁금한이야기Y,6.8,1150.0,2020-01-10
인간극장,9.3,1379.0,2020-01-10
아침마당,9.0,1215.0,2020-01-10
6시내고향,7.9,1324.0,2020-01-10
티비는사랑을싣고,7.5,1068.0,2020-01-10
KBS뉴스7,7.5,1205.0,2020-01-10
아침연속극(맛좀보실래요),6.7,923.0,2020-01-10
KBS뉴스광장2부,5.9,885.0,2020-01-10
다큐3일,5.4,855.0,2020-01-10
2TV생생정보,5.2,871.0,2020-01-10
KBS뉴스(09:30),5.1,,2020-01-10
신상출시편스토랑,5.0,854.0,2020-01-10
MBC뉴스데스크,,873.0,2020-01-10
주말드라마(사랑은뷰티풀인생은원더풀),18.4,3075.0,2020-01-11
금토드라마(스토브리그),11.8,2374.0,2020-01-11
놀면뭐하니,7.3,1466.0,2020-01-11
주말특별기획(두번은없다),7.1,1320.0,2020-01-11
그것이알고싶다,8.7,1715.0,2020-01-11
불후의명곡,8.7,1342.0,2020-01-11
정글의법칙IN추크,8.6,1223.0,2020-01-11
시니어토크쇼황금연못,8.4,1287.0,2020-01-11
KBS9시뉴스,8.4,1432.0,2020-01-11
노래가좋아,8.2,1242.0,2020-01-11
KBS뉴스(09:30),7.7,1156.0,2020-01-11
걸어서세계속으로,7.2,,2020-01-11
전지적참견시점,6.4,1266.0,2020-01-11
나혼자산다스페셜,,1191.0,2020-01-11
주말드라마(사랑은뷰티풀인생은원더풀),24.0,4119.0,2020-01-12
미운우리새끼다시쓰는육아일기,10.0,1865.0,2020-01-12
1박2일,9.7,1831.0,2020-01-12
슈퍼맨이돌아왔다,6.1,1892.0,2020-01-12
전국노래자랑,9.8,1603.0,2020-01-12
사장님귀는당나귀귀,9.7,1625.0,2020-01-12
TV동물농장,7.1,1210.0,2020-01-12
KBS뉴스(12:00),7.9,1212.0,2020-01-12
미스터리음악쇼복면가왕,7.8,1390.0,2020-01-12
KBS9시뉴스,7.5,1224.0,2020-01-12
런닝맨,6.7,1190.0,2020-01-12
구해줘홈즈,6.2,1407.0,2020-01-12
TV쇼진품명품,6.1,,2020-01-12
동거동락인생과외집사부일체,,992.0,2020-01-12
일일연속극(꽃길만걸어요),19.6,3142.0,2020-01-13
월화드라마(낭만닥터김사부2),11.3,2174.0,2020-01-13
일일드라마(우아한모녀),13.8,2178.0,2020-01-13
KBS9시뉴스,11.7,1884.0,2020-01-13
인간극장,11.2,1689.0,2020-01-13
아침마당,9.1,1351.0,2020-01-13
가요무대,8.9,1435.0,2020-01-13
우리말겨루기,8.5,1318.0,2020-01-13
KBS뉴스7,8.3,1347.0,2020-01-13
6시내고향,8.3,1354.0,2020-01-13
동상이몽2너는내운명,6.4,1159.0,2020-01-13
개는훌륭하다,7.5,1370.0,2020-01-13
옥탑방의문제아들,7.0,1113.0,2020-01-13
아침연속극(맛좀보실래요),6.5,925.0,2020-01-13
2TV생생정보,6.3,1074.0,2020-01-13
생활의달인,5.9,1119.0,2020-01-13
KBS뉴스(09:30),5.8,,2020-01-13
KBS뉴스광장2부,5.8,,2020-01-13
탐사기획스트레이트,,980.0,2020-01-13
MBC뉴스데스크,,947.0,2020-01-13
월화드라마(낭만닥터김사부2),15.4,2812.0,2020-01-14
일일연속극(꽃길만걸어요),19.1,3056.0,2020-01-14
일일드라마(우아한모녀),13.1,2060.0,2020-01-14
KBS9시뉴스,11.6,1847.0,2020-01-14
인간극장,10.0,1529.0,2020-01-14
아침마당,9.8,1449.0,2020-01-14
6시내고향,8.0,1277.0,2020-01-14
불타는청춘,6.8,1197.0,2020-01-14
이웃집찰스,7.4,1149.0,2020-01-14
KBS뉴스7,7.0,1084.0,2020-01-14
아침연속극(맛좀보실래요),6.8,955.0,2020-01-14
2TV생생정보,6.7,1147.0,2020-01-14
생활의달인,6.6,1103.0,2020-01-14
KBS뉴스(09:30),6.4,972.0,2020-01-14
KBS뉴스광장2부,5.4,746.0,2020-01-14
MBC뉴스데스크,5.4,865.0,2020-01-14
휴먼다큐사람이좋다,5.2,,2020-01-14
생방송투데이,4.4,,2020-01-14
SBS8뉴스,,774.0,2020-01-14
동물의왕국,,650.0,2020-01-14
일일연속극(꽃길만걸어요),18.1,2839.0,2020-01-15
일일드라마(우아한모녀),13.0,1986.0,2020-01-15
아침마당,11.2,1699.0,2020-01-15
KBS9시뉴스,11.1,1744.0,2020-01-15
인간극장,10.4,1642.0,2020-01-15
살림하는남자들,10.4,1692.0,2020-01-15
수목미니시리즈(99억의여자),8.8,1335.0,2020-01-15
6시내고향,8.6,1369.0,2020-01-15
다큐3일,8.5,1064.0,2020-01-15
KBS뉴스7,7.3,1120.0,2020-01-15
백종원의골목식당,6.2,1086.0,2020-01-15
아침연속극(맛좀보실래요),6.6,910.0,2020-01-15
2TV생생정보,6.5,997.0,2020-01-15
KBS뉴스(09:30),6.2,927.0,2020-01-15
생로병사의비밀,5.7,889.0,2020-01-15
황금어장라디오스타,5.2,845.0,2020-01-15
KBS뉴스광장2부,5.2,,2020-01-15
MBC뉴스데스크,,852.0,2020-01-15
일일연속극(꽃길만걸어요),19.0,3145.0,2020-01-16
일일드라마(우아한모녀),14.3,2280.0,2020-01-16
인간극장,11.1,1684.0,2020-01-16
KBS9시뉴스,11.0,1756.0,2020-01-16
순간포착,7.8,1338.0,2020-01-16
아침마당,9.3,1364.0,2020-01-16
6시내고향,8.3,1261.0,2020-01-16
수목미니시리즈(99억의여자),7.1,1114.0,2020-01-16
한국인의밥상,8.1,1320.0,2020-01-16
아침연속극(맛좀보실래요),7.3,981.0,2020-01-16
KBS뉴스7,6.4,1034.0,2020-01-16
KBS뉴스(09:30),6.4,968.0,2020-01-16
2TV생생정보,6.1,1008.0,2020-01-16
OPEN맛남의광장,5.2,880.0,2020-01-16
KBS뉴스광장2부,5.3,,2020-01-16
MBC뉴스데스크,5.2,862.0,2020-01-16
일상속미스터리발견제보자들,5.1,794.0,2020-01-16
일일연속극(꽃길만걸어요),18.7,3051.0,2020-01-17
금토드라마(스토브리그),12.9,2404.0,2020-01-17
일일드라마(우아한모녀),13.4,2043.0,2020-01-17
나혼자산다,10.3,2127.0,2020-01-17
인간극장,10.7,1632.0,2020-01-17
KBS9시뉴스,10.6,1718.0,2020-01-17
아침마당,9.3,1334.0,2020-01-17
6시내고향,9.3,1480.0,2020-01-17
궁금한이야기Y,8.3,1424.0,2020-01-17
KBS뉴스7,7.4,1161.0,2020-01-17
아침연속극(맛좀보실래요),6.9,961.0,2020-01-17
티비는사랑을싣고,6.8,952.0,2020-01-17
KBS뉴스(09:30),5.9,939.0,2020-01-17
2TV생생정보,5.8,940.0,2020-01-17
KBS뉴스광장2부,5.3,,2020-01-17
신상출시편스토랑,4.9,891.0,2020-01-17
공부가머니,,799.0,2020-01-17
주말드라마(사랑은뷰티풀인생은원더풀),21.9,3580.0,2020-01-18
금토드라마(스토브리그),10.7,2093.0,2020-01-18
불후의명곡,11.2,1668.0,2020-01-18
주말특별기획(두번은없다),7.9,1393.0,2020-01-18
시니어토크쇼황금연못,9.1,1368.0,2020-01-18
놀면뭐하니,9.1,1575.0,2020-01-18
정글의법칙IN추크,9.0,1214.0,2020-01-18
노래가좋아,8.6,1238.0,2020-01-18
그것이알고싶다,8.4,1634.0,2020-01-18
KBS뉴스(09:30),8.3,1228.0,2020-01-18
걸어서세계속으로,8.0,,2020-01-18
KBS9시뉴스,7.7,1255.0,2020-01-18
전지적참견시점,7.5,1384.0,2020-01-18
김영철의동네한바퀴,7.4,,2020-01-18
주말드라마(사랑은뷰티풀인생은원더풀),23.4,4028.0,2020-01-19
미운우리새끼다시쓰는육아일기,9.6,1755.0,2020-01-19
슈퍼맨이돌아왔다,6.0,1724.0,2020-01-19
1박2일,9.1,1827.0,2020-01-19
전국노래자랑,11.0,1776.0,2020-01-19
TV동물농장,8.2,1321.0,2020-01-19
사장님귀는당나귀귀,10.3,1859.0,2020-01-19
KBS9시뉴스,8.3,1232.0,2020-01-19
KBS뉴스(12:00),8.2,1298.0,2020-01-19
구해줘홈즈,7.6,1227.0,2020-01-19
미스터리음악쇼복면가왕,7.5,1265.0,2020-01-19
런닝맨,7.5,1695.0,2020-01-19
동거동락인생과외집사부일체,6.2,1338.0,2020-01-19
일일연속극(꽃길만걸어요),19.9,3194.0,2020-01-20
월화드라마(낭만닥터김사부2),14.8,2726.0,2020-01-20
일일드라마(우아한모녀),13.8,2119.0,2020-01-20
KBS9시뉴스,13.5,2248.0,2020-01-20
인간극장,10.7,1677.0,2020-01-20
동상이몽2너는내운명,7.7,1259.0,2020-01-20
가요무대,9.4,1407.0,2020-01-20
KBS뉴스7,9.3,1343.0,2020-01-20
6시내고향,8.7,1297.0,2020-01-20
우리말겨루기,8.7,1308.0,2020-01-20
아침마당,8.6,1266.0,2020-01-20
아침연속극(맛좀보실래요),7.2,1035.0,2020-01-20
개는훌륭하다,6.9,1188.0,2020-01-20
생활의달인,6.4,1166.0,2020-01-20
KBS뉴스광장2부,6.1,865.0,2020-01-20
옥탑방의문제아들,6.1,988.0,2020-01-20
KBS뉴스(09:30),6.0,881.0,2020-01-20
MBC뉴스데스크,5.9,904.0,2020-01-20
일일연속극(꽃길만걸어요),19.4,3060.0,2020-01-21
월화드라마(낭만닥터김사부2),15.5,2688.0,2020-01-21
일일드라마(우아한모녀),14.2,2167.0,2020-01-21
KBS9시뉴스,12.2,2062.0,2020-01-21
인간극장,10.8,1632.0,2020-01-21
아침마당,8.8,1286.0,2020-01-21
6시내고향,8.7,1392.0,2020-01-21
KBS뉴스7,7.3,1170.0,2020-01-21
아침연속극(맛좀보실래요),7.3,1071.0,2020-01-21
불타는청춘,6.6,1038.0,2020-01-21
이웃집찰스,6.0,933.0,2020-01-21
2TV생생정보,6.0,973.0,2020-01-21
KBS뉴스광장2부,5.9,870.0,2020-01-21
휴먼다큐사람이좋다,5.8,,2020-01-21
생활의달인,5.5,997.0,2020-01-21
KBS뉴스(09:30),5.5,829.0,2020-01-21
MBC뉴스데스크,4.9,834.0,2020-01-21
무엇이든물어보세요,4.5,649.0,2020-01-21
SBS8뉴스,,801.0,2020-01-21
일일연속극(꽃길만걸어요),18.9,3107.0,2020-01-22
일일드라마(우아한모녀),13.6,2184.0,2020-01-22
KBS9시뉴스,11.3,1969.0,2020-01-22
아침마당,10.1,1469.0,2020-01-22
인간극장,9.8,1480.0,2020-01-22
수목미니시리즈(99억의여자),8.6,1339.0,2020-01-22
살림하는남자들,9.0,1558.0,2020-01-22
6시내고향,8.9,1439.0,2020-01-22
다큐3일,7.6,1079.0,2020-01-22
백종원의골목식당,6.9,1234.0,2020-01-22
KBS뉴스7,7.4,1157.0,2020-01-22
아침연속극(맛좀보실래요),7.0,1016.0,2020-01-22
KBS뉴스광장2부,6.1,910.0,2020-01-22
MBC뉴스데스크,5.9,916.0,2020-01-22
KBS뉴스(09:30),5.9,888.0,2020-01-22
2TV생생정보,5.4,915.0,2020-01-22
생로병사의비밀,5.2,,2020-01-22
황금어장라디오스타,4.5,871.0,2020-01-22
실화탐사대,,837.0,2020-01-22
일일연속극(꽃길만걸어요),19.3,3086.0,2020-01-23
일일드라마(우아한모녀),13.6,2181.0,2020-01-23
순간포착,8.4,1380.0,2020-01-23
KBS9시뉴스,11.6,1910.0,2020-01-23
인간극장,10.2,1498.0,2020-01-23
아침마당,9.5,1405.0,2020-01-23
수목미니시리즈(99억의여자),6.8,1107.0,2020-01-23
6시내고향,8.1,1251.0,2020-01-23
한국인의밥상,7.5,1208.0,2020-01-23
KBS뉴스7,7.4,1190.0,2020-01-23
아침연속극(맛좀보실래요),7.3,1113.0,2020-01-23
OPEN맛남의광장,5.6,1059.0,2020-01-23
KBS뉴스(09:30),6.3,995.0,2020-01-23
KBS뉴스광장2부,6.1,904.0,2020-01-23
2TV생생정보,6.0,1082.0,2020-01-23
MBC뉴스데스크,5.2,887.0,2020-01-23
일일연속극(꽃길만걸어요),14.1,2490.0,2020-01-24
KBS9시뉴스,11.6,2016.0,2020-01-24
아침마당,9.0,1288.0,2020-01-24
티비는사랑을싣고,7.9,1270.0,2020-01-24
KBS뉴스(19:00),7.9,1286.0,2020-01-24
인간극장,7.6,1069.0,2020-01-24
팔도밥상스페셜,7.3,1134.0,2020-01-24
나혼자산다,5.9,1221.0,2020-01-24
음치는없다엑시트,7.3,1300.0,2020-01-24
6시내고향,7.1,1095.0,2020-01-24
설날특선영화(나의특별한형제2부),6.9,1266.0,2020-01-24
KBS뉴스(09:30),6.8,1102.0,2020-01-24
특선다큐(열대섬대탐험1부),6.2,1091.0,2020-01-24
KBS뉴스특보,6.2,932.0,2020-01-24
신상출시편스토랑,5.9,1090.0,2020-01-24
아침연속극(맛좀보실래요),5.8,,2020-01-24
설특선영화(미션임파서블폴아웃2부),5.7,977.0,2020-01-24
설특집얼씨구스타가족동요제,5.3,,2020-01-24
설특선영화(미션임파서블폴아웃3부),5.3,925.0,2020-01-24
2020아이돌스타선수권대회1라운드,,968.0,2020-01-24
SBS8뉴스,,908.0,2020-01-24
주말드라마(사랑은뷰티풀인생은원더풀),17.4,3105.0,2020-01-25
불후의명곡,4.9,1441.0,2020-01-25
KBS9시뉴스,8.6,1516.0,2020-01-25
정글의법칙IN폰페이,5.3,1170.0,2020-01-25
노래가좋아,7.7,1500.0,2020-01-25
설날특선영화(악인전2부),7.4,1475.0,2020-01-25
걸어서세계속으로,5.9,1081.0,2020-01-25
미운우리새끼다시쓰는육아일기,5.6,1042.0,2020-01-25
김영철의동네한바퀴,5.6,1017.0,2020-01-25
설날특선영화(악인전1부),5.6,1128.0,2020-01-25
KBS뉴스(09:30),5.5,956.0,2020-01-25
생활의발견스페셜,5.4,928.0,2020-01-25
놀면뭐하니,5.4,1008.0,2020-01-25
백종원의골목식당스페셜,5.2,1068.0,2020-01-25
나혼자산다스페셜,5.1,1001.0,2020-01-25
개그콘서트,5.1,951.0,2020-01-25
전지적참견시점,5.0,1029.0,2020-01-25
주말드라마(사랑은뷰티풀인생은원더풀),21.8,3787.0,2020-01-26
전국노래자랑,11.8,1965.0,2020-01-26
슈퍼맨이돌아왔다,6.1,1698.0,2020-01-26
미운우리새끼다시쓰는육아일기,8.7,1679.0,2020-01-26
KBS뉴스특보,9.7,1593.0,2020-01-26
1박2일,7.4,1405.0,2020-01-26
KBS9시뉴스,8.1,1355.0,2020-01-26
TV동물농장,7.8,1349.0,2020-01-26
사장님귀는당나귀귀,7.6,1275.0,2020-01-26
미스터리음악쇼복면가왕,7.5,1321.0,2020-01-26
MBC뉴스데스크,6.3,1231.0,2020-01-26
설특집2020송가인콘서트고맙습니다,6.1,1055.0,2020-01-26
런닝맨,6.0,1319.0,2020-01-26
구해줘홈즈,,1087.0,2020-01-26
일일연속극(꽃길만걸어요),20.7,3448.0,2020-01-27
월화드라마(낭만닥터김사부2),13.0,2488.0,2020-01-27
KBS9시뉴스,14.1,2432.0,2020-01-27
일일드라마(우아한모녀),13.4,2141.0,2020-01-27
우리말겨루기,11.1,1843.0,2020-01-27
아침마당,10.8,1689.0,2020-01-27
KBS뉴스특보,7.3,1722.0,2020-01-27
동상이몽2너는내운명,7.1,1240.0,2020-01-27
가요무대,10.0,1620.0,2020-01-27
6시내고향,9.8,1643.0,2020-01-27
KBS뉴스(09:30),9.0,1420.0,2020-01-27
인간극장,8.8,1343.0,2020-01-27
설특선영화(걸캅스2부),8.6,1815.0,2020-01-27
설특선영화(걸캅스1부),8.3,1673.0,2020-01-27
슈퍼맨이돌아왔다,8.2,1430.0,2020-01-27
2TV생생정보,7.5,1353.0,2020-01-27
동물의왕국,7.3,1194.0,2020-01-27
생활의달인,,1348.0,2020-01-27
월화드라마(낭만닥터김사부2),16.5,3221.0,2020-01-28
일일연속극(꽃길만걸어요),20.1,3189.0,2020-01-28
KBS9시뉴스,14.5,2232.0,2020-01-28
일일드라마(우아한모녀),13.6,2109.0,2020-01-28
인간극장,10.9,1642.0,2020-01-28
아침마당,9.8,1467.0,2020-01-28
KBS뉴스7,8.6,1389.0,2020-01-28
6시내고향,8.5,1328.0,2020-01-28
불청외전외불러,7.0,1295.0,2020-01-28
아침연속극(맛좀보실래요),7.2,1091.0,2020-01-28
KBS뉴스(09:30),7.1,1041.0,2020-01-28
이웃집찰스,6.6,992.0,2020-01-28
KBS뉴스광장2부,6.5,991.0,2020-01-28
생활의달인,6.1,1134.0,2020-01-28
휴먼다큐사람이좋다,5.9,,2020-01-28
MBC뉴스데스크,5.9,982.0,2020-01-28
무엇이든물어보세요,5.7,847.0,2020-01-28
2TV생생정보,5.6,931.0,2020-01-28
SBS8뉴스,,994.0,2020-01-28
일일연속극(꽃길만걸어요),19.9,3196.0,2020-01-29
일일드라마(우아한모녀),13.5,2114.0,2020-01-29
KBS9시뉴스,12.3,2006.0,2020-01-29
아침마당,11.1,1665.0,2020-01-29
인간극장,10.9,1656.0,2020-01-29
살림하는남자들,10.2,1757.0,2020-01-29
6시내고향,9.1,1414.0,2020-01-29
KBS뉴스7,9.0,1388.0,2020-01-29
백종원의골목식당,5.6,1052.0,2020-01-29
수목드라마(포레스트),7.1,1244.0,2020-01-29
아침연속극(맛좀보실래요),7.3,1060.0,2020-01-29
KBS뉴스(09:30),7.3,1132.0,2020-01-29
다큐3일,7.1,959.0,2020-01-29
실화탐사대,7.1,1263.0,2020-01-29
MBC뉴스데스크,6.8,1241.0,2020-01-29
생로병사의비밀,6.4,996.0,2020-01-29
KBS뉴스광장2부,6.2,,2020-01-29
2TV생생정보,5.2,,2020-01-29
황금어장라디오스타,,957.0,2020-01-29
SBS8뉴스,,937.0,2020-01-29
일일연속극(꽃길만걸어요),19.9,3126.0,2020-01-30
일일드라마(우아한모녀),13.8,2136.0,2020-01-30
KBS9시뉴스,12.3,1961.0,2020-01-30
인간극장,10.6,1562.0,2020-01-30
순간포착,8.2,1403.0,2020-01-30
아침마당,8.7,1253.0,2020-01-30
6시내고향,8.5,1317.0,2020-01-30
KBS뉴스7,8.0,1323.0,2020-01-30
한국인의밥상,7.5,1229.0,2020-01-30
아침연속극(맛좀보실래요),7.4,1059.0,2020-01-30
KBS뉴스특보,6.4,934.0,2020-01-30
KBS뉴스광장2부,6.4,921.0,2020-01-30
OPEN맛남의광장,6.0,931.0,2020-01-30
KBS뉴스(09:30),6.1,930.0,2020-01-30
2TV생생정보,5.7,895.0,2020-01-30
SBS8뉴스,5.4,1033.0,2020-01-30
MBC뉴스데스크,5.2,866.0,2020-01-30
수목드라마(포레스트),5.1,,2020-01-30
일일연속극(꽃길만걸어요),19.9,3217.0,2020-01-31
금토드라마(스토브리그),12.0,2340.0,2020-01-31
일일드라마(우아한모녀),13.5,2206.0,2020-01-31
KBS9시뉴스,13.2,2178.0,2020-01-31
나혼자산다,10.5,2170.0,2020-01-31
궁금한이야기Y,7.8,1372.0,2020-01-31
인간극장,10.3,1515.0,2020-01-31
KBS뉴스7,10.1,1591.0,2020-01-31
KBS뉴스특보,6.1,1377.0,2020-01-31
6시내고향,8.7,1347.0,2020-01-31
티비는사랑을싣고,8.5,1195.0,2020-01-31
아침마당,8.2,1050.0,2020-01-31
아침연속극(맛좀보실래요),7.7,1137.0,2020-01-31
KBS뉴스광장2부,5.9,,2020-01-31
MBC뉴스데스크,5.6,967.0,2020-01-31
신상출시편스토랑,,1066.0,2020-01-31
SBS8뉴스,,997.0,2020-01-31
주말드라마(사랑은뷰티풀인생은원더풀),20.9,3573.0,2020-02-01
금토드라마(스토브리그),10.1,2049.0,2020-02-01
불후의명곡,10.6,1699.0,2020-02-01
놀면뭐하니,7.3,1532.0,2020-02-01
KBS뉴스특보,9.9,1644.0,2020-02-01
노래가좋아,9.5,1513.0,2020-02-01
주말특별기획(두번은없다),8.1,1420.0,2020-02-01
KBS9시뉴스,9.3,1488.0,2020-02-01
걸어서세계속으로,8.9,1452.0,2020-02-01
KBS뉴스(09:30),8.5,1342.0,2020-02-01
시니어토크쇼황금연못,8.2,,2020-02-01
정글의법칙IN폰페이,7.9,1406.0,2020-02-01
전지적참견시점,7.3,1592.0,2020-02-01
MBC뉴스데스크,,1291.0,2020-02-01
주말드라마(사랑은뷰티풀인생은원더풀),23.9,4082.0,2020-02-02
전국노래자랑,12.0,1943.0,2020-02-02
KBS뉴스(12:00),11.7,1924.0,2020-02-02
TV동물농장,8.1,1453.0,2020-02-02
미운우리새끼다시쓰는육아일기,10.2,1797.0,2020-02-02
1박2일,8.9,1718.0,2020-02-02
슈퍼맨이돌아왔다,9.6,1704.0,2020-02-02
미스터리음악쇼복면가왕,9.8,1814.0,2020-02-02
사장님귀는당나귀귀,9.3,1560.0,2020-02-02
KBS9시뉴스,9.0,1481.0,2020-02-02
TV쇼진품명품,8.7,,2020-02-02
구해줘홈즈,7.9,1623.0,2020-02-02
MBC뉴스데스크,7.7,1556.0,2020-02-02
동거동락인생과외집사부일체,6.9,1423.0,2020-02-02
런닝맨,,1558.0,2020-02-02
일일연속극(꽃길만걸어요),20.9,3347.0,2020-02-03
월화드라마(낭만닥터김사부2),14.4,2711.0,2020-02-03
일일드라마(우아한모녀),14.9,2270.0,2020-02-03
KBS9시뉴스,14.0,2285.0,2020-02-03
인간극장,10.4,1560.0,2020-02-03
KBS뉴스7,9.2,1387.0,2020-02-03
동상이몽2너는내운명,6.5,1101.0,2020-02-03
아침마당,8.8,1266.0,2020-02-03
가요무대,8.8,1339.0,2020-02-03
우리말겨루기,8.6,1325.0,2020-02-03
6시내고향,8.2,1306.0,2020-02-03
개는훌륭하다,8.0,1354.0,2020-02-03
아침연속극(맛좀보실래요),7.3,1084.0,2020-02-03
KBS뉴스광장2부,6.6,1000.0,2020-02-03
옥탑방의문제아들,6.5,1116.0,2020-02-03
MBC뉴스데스크,6.4,1106.0,2020-02-03
생활의달인,6.3,1141.0,2020-02-03
KBS뉴스(09:30),6.3,,2020-02-03
2TV생생정보,,1025.0,2020-02-03
일일연속극(꽃길만걸어요),20.9,3429.0,2020-02-04
월화드라마(낭만닥터김사부2),17.7,3269.0,2020-02-04
일일드라마(우아한모녀),15.3,2434.0,2020-02-04
KBS9시뉴스,14.8,2335.0,2020-02-04
인간극장,9.9,1572.0,2020-02-04
6시내고향,8.9,1388.0,2020-02-04
KBS뉴스7,8.5,1359.0,2020-02-04
아침마당,8.4,1247.0,2020-02-04
아침연속극(맛좀보실래요),7.6,1166.0,2020-02-04
생활의달인,7.4,1337.0,2020-02-04
이웃집찰스,6.7,1053.0,2020-02-04
KBS뉴스광장2부,6.7,1020.0,2020-02-04
2TV생생정보,6.6,1089.0,2020-02-04
KBS뉴스(09:30),6.6,976.0,2020-02-04
MBC뉴스데스크,6.6,1142.0,2020-02-04
불청외전외불러,5.9,1040.0,2020-02-04
동물의왕국,6.0,872.0,2020-02-04
SBS8뉴스,5.9,1111.0,2020-02-04
일일연속극(꽃길만걸어요),19.8,3153.0,2020-02-05
일일드라마(우아한모녀),14.8,2382.0,2020-02-05
KBS9시뉴스,13.9,2269.0,2020-02-05
아침마당,11.3,1748.0,2020-02-05
인간극장,10.0,1551.0,2020-02-05
살림하는남자들,9.4,1582.0,2020-02-05
6시내고향,8.7,1274.0,2020-02-05
KBS뉴스7,8.6,1374.0,2020-02-05
KBS뉴스(09:30),8.2,1282.0,2020-02-05
생로병사의비밀,7.8,1191.0,2020-02-05
아침연속극(맛좀보실래요),7.4,1170.0,2020-02-05
다큐3일,7.1,,2020-02-05
KBS뉴스광장2부,6.9,1018.0,2020-02-05
수목드라마(포레스트),6.2,1099.0,2020-02-05
백종원의골목식당,5.8,999.0,2020-02-05
2TV생생정보,6.4,1015.0,2020-02-05
MBC뉴스데스크,6.0,1079.0,2020-02-05
실화탐사대,5.8,1129.0,2020-02-05
SBS8뉴스,,1059.0,2020-02-05
일일연속극(꽃길만걸어요),22.0,3476.0,2020-02-06
일일드라마(우아한모녀),14.6,2383.0,2020-02-06
KBS9시뉴스,13.7,2169.0,2020-02-06
순간포착,8.2,1408.0,2020-02-06
아침마당,9.6,1428.0,2020-02-06
인간극장,9.2,1513.0,2020-02-06
한국인의밥상,9.0,1374.0,2020-02-06
6시내고향,8.7,1334.0,2020-02-06
KBS뉴스7,8.6,1432.0,2020-02-06
아침연속극(맛좀보실래요),7.9,1227.0,2020-02-06
KBS뉴스(09:30),7.4,1146.0,2020-02-06
2TV생생정보,6.2,965.0,2020-02-06
KBS뉴스광장2부,6.0,899.0,2020-02-06
OPEN맛남의광장,5.8,908.0,2020-02-06
SBS8뉴스,5.4,1033.0,2020-02-06
동물의왕국,5.3,,2020-02-06
수목드라마(포레스트),5.3,875.0,2020-02-06
무엇이든물어보세요,5.3,,2020-02-06
MBC뉴스데스크,,869.0,2020-02-06
일일연속극(꽃길만걸어요),19.9,3096.0,2020-02-07
금토드라마(스토브리그),13.2,2567.0,2020-02-07
KBS9시뉴스,14.5,2351.0,2020-02-07
일일드라마(우아한모녀),13.7,2178.0,2020-02-07
나혼자산다,9.3,1969.0,2020-02-07
궁금한이야기Y,7.4,1377.0,2020-02-07
KBS뉴스7,10.1,1610.0,2020-02-07
6시내고향,9.8,1477.0,2020-02-07
아침마당,9.3,1232.0,2020-02-07
인간극장,9.1,1370.0,2020-02-07
티비는사랑을싣고,7.9,1098.0,2020-02-07
아침연속극(맛좀보실래요),7.9,1245.0,2020-02-07
KBS뉴스(09:30),6.7,986.0,2020-02-07
KBS뉴스광장2부,6.5,,2020-02-07
신상출시편스토랑,5.7,996.0,2020-02-07
동물의왕국,5.6,,2020-02-07
MBC뉴스데스크,,974.0,2020-02-07
SBS8뉴스,,965.0,2020-02-07
주말드라마(사랑은뷰티풀인생은원더풀),21.3,3572.0,2020-02-08
금토드라마(스토브리그),10.6,2128.0,2020-02-08
놀면뭐하니,9.1,1934.0,2020-02-08
주말특별기획(두번은없다),8.7,1382.0,2020-02-08
노래가좋아,8.8,1274.0,2020-02-08
불후의명곡,9.4,1435.0,2020-02-08
KBS뉴스특보,9.2,1401.0,2020-02-08
걸어서세계속으로,9.0,1357.0,2020-02-08
시니어토크쇼황금연못,8.6,1272.0,2020-02-08
KBS9시뉴스,8.5,1400.0,2020-02-08
김영철의동네한바퀴,8.5,1318.0,2020-02-08
KBS뉴스(09:30),8.4,,2020-02-08
정글의법칙IN폰페이,8.0,1530.0,2020-02-08
전지적참견시점,,1558.0,2020-02-08
주말드라마(사랑은뷰티풀인생은원더풀),25.2,4432.0,2020-02-09
전국노래자랑,12.0,1984.0,2020-02-09
미운우리새끼다시쓰는육아일기,10.0,1803.0,2020-02-09
슈퍼맨이돌아왔다,9.5,1831.0,2020-02-09
TV동물농장,7.9,1246.0,2020-02-09
1박2일,9.6,1909.0,2020-02-09
사장님귀는당나귀귀,6.7,1898.0,2020-02-09
KBS뉴스(12:00),10.0,1608.0,2020-02-09
미스터리음악쇼복면가왕,6.7,1250.0,2020-02-09
KBS9시뉴스,8.2,1382.0,2020-02-09
런닝맨,7.1,1525.0,2020-02-09
TV쇼진품명품,6.5,,2020-02-09
구해줘홈즈,,1404.0,2020-02-09
동거동락인생과외집사부일체,,1231.0,2020-02-09
일일연속극(꽃길만걸어요),21.5,3475.0,2020-02-10
월화드라마(낭만닥터김사부2),17.7,3376.0,2020-02-10
KBS9시뉴스,15.0,2436.0,2020-02-10
일일드라마(우아한모녀),14.7,2354.0,2020-02-10
인간극장,10.8,1658.0,2020-02-10
동상이몽2너는내운명,7.4,1345.0,2020-02-10
아카데미수상특집영화기생충세계를매혹하다,8.8,1351.0,2020-02-10
가요무대,8.7,1355.0,2020-02-10
KBS뉴스7,8.6,1385.0,2020-02-10
6시내고향,8.5,1296.0,2020-02-10
아침마당,8.1,1249.0,2020-02-10
아침연속극(맛좀보실래요),7.6,1090.0,2020-02-10
KBS뉴스광장2부,6.6,938.0,2020-02-10
생활의달인,6.5,1195.0,2020-02-10
MBC뉴스데스크,6.5,1184.0,2020-02-10
KBS뉴스(09:30),5.8,,2020-02-10
옥탑방의문제아들,5.5,939.0,2020-02-10
2TV생생정보,5.4,,2020-02-10
개는훌륭하다,,967.0,2020-02-10
SBS8뉴스,,967.0,2020-02-10
월화드라마(낭만닥터김사부2),17.4,3387.0,2020-02-11
일일연속극(꽃길만걸어요),21.4,3481.0,2020-02-11
일일드라마(우아한모녀),15.7,2477.0,2020-02-11
KBS9시뉴스,13.8,2348.0,2020-02-11
인간극장,10.7,1626.0,2020-02-11
아침연속극(맛좀보실래요),8.7,1341.0,2020-02-11
6시내고향,8.3,1228.0,2020-02-11
아침마당,8.1,1149.0,2020-02-11
이웃집찰스,7.7,1092.0,2020-02-11
KBS뉴스7,7.4,1203.0,2020-02-11
2TV생생정보,7.0,1159.0,2020-02-11
KBS뉴스광장2부,6.7,951.0,2020-02-11
KBS뉴스(09:30),6.5,875.0,2020-02-11
생활의달인,6.3,1170.0,2020-02-11
무엇이든물어보세요,6.1,788.0,2020-02-11
MBC뉴스데스크,5.9,1014.0,2020-02-11
휴먼다큐사람이좋다,5.8,,2020-02-11
불청외전외불러,5.1,946.0,2020-02-11
SBS8뉴스,,941.0,2020-02-11
일일연속극(꽃길만걸어요),21.1,3409.0,2020-02-12
일일드라마(우아한모녀),15.1,2419.0,2020-02-12
KBS9시뉴스,12.5,2081.0,2020-02-12
아침마당,12.0,1833.0,2020-02-12
인간극장,11.1,1682.0,2020-02-12
6시내고향,9.4,1352.0,2020-02-12
살림하는남자들,9.4,1620.0,2020-02-12
KBS뉴스(09:30),8.5,1295.0,2020-02-12
다큐3일,8.3,1113.0,2020-02-12
KBS뉴스7,8.3,1303.0,2020-02-12
생로병사의비밀,8.3,1231.0,2020-02-12
백종원의골목식당,6.5,1157.0,2020-02-12
수목드라마(포레스트),6.1,1023.0,2020-02-12
아침연속극(맛좀보실래요),7.3,1100.0,2020-02-12
KBS뉴스광장2부,6.3,958.0,2020-02-12
MBC뉴스데스크,6.0,1007.0,2020-02-12
2TV생생정보,6.0,930.0,2020-02-12
실화탐사대,5.8,996.0,2020-02-12
일일연속극(꽃길만걸어요),21.0,3486.0,2020-02-13
일일드라마(우아한모녀),15.3,2413.0,2020-02-13
KBS9시뉴스,12.9,2096.0,2020-02-13
순간포착,9.0,1548.0,2020-02-13
인간극장,10.2,1534.0,2020-02-13
아침마당,8.3,1174.0,2020-02-13
아침연속극(맛좀보실래요),8.2,1211.0,2020-02-13
한국인의밥상,8.1,1340.0,2020-02-13
6시내고향,8.1,1219.0,2020-02-13
KBS뉴스7,7.8,1192.0,2020-02-13
OPEN맛남의광장,5.1,951.0,2020-02-13
KBS뉴스광장2부,6.2,863.0,2020-02-13
2TV생생정보,6.0,925.0,2020-02-13
KBS뉴스(09:30),5.7,,2020-02-13
MBC뉴스데스크,5.4,924.0,2020-02-13
수목드라마(포레스트),4.8,819.0,2020-02-13
SBS8뉴스,,864.0,2020-02-13
일일연속극(꽃길만걸어요),21.4,3403.0,2020-02-14
금토드라마(스토브리그),14.8,3087.0,2020-02-14
일일드라마(우아한모녀),15.5,2427.0,2020-02-14
KBS9시뉴스,13.0,2129.0,2020-02-14
나혼자산다,10.3,2142.0,2020-02-14
인간극장,11.2,1788.0,2020-02-14
아침마당,10.1,1416.0,2020-02-14
6시내고향,8.2,1281.0,2020-02-14
궁금한이야기Y,6.8,1234.0,2020-02-14
KBS뉴스7,7.9,1290.0,2020-02-14
아침연속극(맛좀보실래요),7.7,1130.0,2020-02-14
KBS뉴스(09:30),6.8,1040.0,2020-02-14
티비는사랑을싣고,6.3,952.0,2020-02-14
2TV생생정보,5.7,957.0,2020-02-14
KBS뉴스광장2부,5.6,886.0,2020-02-14
무엇이든물어보세요,5.2,,2020-02-14
신상출시편스토랑,,887.0,2020-02-14
주말드라마(사랑은뷰티풀인생은원더풀),20.9,3653.0,2020-02-15
주말특별기획(두번은없다),8.5,1341.0,2020-02-15
놀면뭐하니,8.7,1884.0,2020-02-15
불후의명곡,8.8,1466.0,2020-02-15
시니어토크쇼황금연못,8.5,1252.0,2020-02-15
KBS뉴스특보,7.8,1295.0,2020-02-15
노래가좋아,7.8,1147.0,2020-02-15
걸어서세계속으로,8.2,1279.0,2020-02-15
김영철의동네한바퀴,7.9,1292.0,2020-02-15
KBS9시뉴스,7.8,1225.0,2020-02-15
나혼자산다스페셜,7.1,1344.0,2020-02-15
전지적참견시점,7.0,1508.0,2020-02-15
정글의법칙IN폰페이,6.9,1371.0,2020-02-15
금토드라마(스토브리그파이널리포트2부),,1182.0,2020-02-15
주말드라마(사랑은뷰티풀인생은원더풀),27.5,4758.0,2020-02-16
1박2일,9.4,1849.0,2020-02-16
전국노래자랑,12.2,2000.0,2020-02-16
미운우리새끼다시쓰는육아일기,10.3,1825.0,2020-02-16
TV동물농장,9.0,1456.0,2020-02-16
KBS뉴스(12:00),10.7,1698.0,2020-02-16
슈퍼맨이돌아왔다,8.5,1730.0,2020-02-16
미스터리음악쇼복면가왕,9.4,1712.0,2020-02-16
사장님귀는당나귀귀,9.3,1648.0,2020-02-16
KBS9시뉴스,9.0,1484.0,2020-02-16
TV쇼진품명품,7.1,,2020-02-16
구해줘홈즈,6.9,1444.0,2020-02-16
걸어서세계속으로,6.8,,2020-02-16
KBS뉴스특보,6.8,,2020-02-16
런닝맨,,1561.0,2020-02-16
SBS8뉴스,,1333.0,2020-02-16
동거동락인생과외집사부일체,,1191.0,2020-02-16
월화드라마(낭만닥터김사부2),18.0,3363.0,2020-02-17
일일연속극(꽃길만걸어요),21.8,3580.0,2020-02-17
일일드라마(우아한모녀),15.8,2511.0,2020-02-17
KBS9시뉴스,14.5,2362.0,2020-02-17
아침마당,10.8,1648.0,2020-02-17
인간극장,10.1,1549.0,2020-02-17
KBS뉴스7,9.0,1396.0,2020-02-17
동상이몽2너는내운명,7.9,1412.0,2020-02-17
가요무대,8.4,1389.0,2020-02-17
우리말겨루기,8.1,1270.0,2020-02-17
KBS뉴스(09:30),8.0,1213.0,2020-02-17
6시내고향,7.8,1193.0,2020-02-17
아침연속극(맛좀보실래요),7.6,1108.0,2020-02-17
2TV생생정보,7.1,1140.0,2020-02-17
생활의달인,6.8,1229.0,2020-02-17
KBS뉴스광장2부,6.6,,2020-02-17
개는훌륭하다,6.3,1077.0,2020-02-17
MBC뉴스데스크,6.1,1013.0,2020-02-17
SBS8뉴스,,1076.0,2020-02-17
월화드라마(낭만닥터김사부2),19.3,3577.0,2020-02-18
일일연속극(꽃길만걸어요),21.2,3418.0,2020-02-18
일일드라마(우아한모녀),15.7,2498.0,2020-02-18
KBS9시뉴스,14.4,2385.0,2020-02-18
인간극장,10.6,1691.0,2020-02-18
아침마당,10.3,1611.0,2020-02-18
6시내고향,8.6,1303.0,2020-02-18
아침연속극(맛좀보실래요),8.2,1238.0,2020-02-18
KBS뉴스7,7.7,1155.0,2020-02-18
KBS뉴스(09:30),6.8,1090.0,2020-02-18
이웃집찰스,6.6,1014.0,2020-02-18
생활의달인,6.5,1376.0,2020-02-18
KBS뉴스광장2부,6.4,955.0,2020-02-18
휴먼다큐사람이좋다,6.2,,2020-02-18
불타는청춘,6.1,1064.0,2020-02-18
MBC뉴스데스크,5.9,1033.0,2020-02-18
2TV생생정보,5.9,1027.0,2020-02-18
SBS8뉴스,5.3,1048.0,2020-02-18
무엇이든물어보세요,,774.0,2020-02-18
일일연속극(꽃길만걸어요),20.7,3341.0,2020-02-19
KBS9시뉴스,15.6,2576.0,2020-02-19
일일드라마(우아한모녀),14.9,2397.0,2020-02-19
아침마당,11.4,1726.0,2020-02-19
살림하는남자들,8.4,1504.0,2020-02-19
인간극장,9.5,1491.0,2020-02-19
KBS뉴스7,8.8,1329.0,2020-02-19
아침연속극(맛좀보실래요),7.9,1219.0,2020-02-19
6시내고향,7.7,1142.0,2020-02-19
KBS뉴스(09:30),7.3,1108.0,2020-02-19
백종원의골목식당,6.9,1249.0,2020-02-19
숨터,7.2,1153.0,2020-02-19
MBC뉴스데스크,6.8,1106.0,2020-02-19
KBS뉴스광장2부,6.3,1017.0,2020-02-19
수목드라마(포레스트),5.5,961.0,2020-02-19
다큐3일,5.6,,2020-02-19
실화탐사대,5.6,960.0,2020-02-19
SBS8뉴스,,1049.0,2020-02-19
일일연속극(꽃길만걸어요),21.1,3364.0,2020-02-20
일일드라마(우아한모녀),15.8,2513.0,2020-02-20
KBS9시뉴스,14.6,2469.0,2020-02-20
순간포착,8.1,1449.0,2020-02-20
아침마당,10.1,1517.0,2020-02-20
인간극장,9.9,1559.0,2020-02-20
KBS뉴스7,8.5,1380.0,2020-02-20
아침연속극(맛좀보실래요),8.2,1219.0,2020-02-20
KBS뉴스(09:30),7.6,1139.0,2020-02-20
6시내고향,7.6,1149.0,2020-02-20
한국인의밥상,6.7,1091.0,2020-02-20
KBS뉴스광장2부,6.6,976.0,2020-02-20
2TV생생정보,6.0,1047.0,2020-02-20
MBC뉴스데스크,5.8,1007.0,2020-02-20
일일드라마(나쁜사랑),5.3,,2020-02-20
SBS8뉴스,5.2,1107.0,2020-02-20
다큐인사이트(KBS아카이브프로젝트모던코리아),5.1,896.0,2020-02-20
OPEN맛남의광장,4.8,780.0,2020-02-20
일일연속극(꽃길만걸어요),21.7,3563.0,2020-02-21
KBS9시뉴스,16.3,2814.0,2020-02-21
일일드라마(우아한모녀),16.3,2645.0,2020-02-21
나혼자산다,8.6,1748.0,2020-02-21
KBS뉴스7,10.9,1690.0,2020-02-21
금토드라마(하이에나),7.7,1368.0,2020-02-21
인간극장,9.5,1379.0,2020-02-21
궁금한이야기Y,7.1,1225.0,2020-02-21
아침마당,8.1,1103.0,2020-02-21
아침연속극(맛좀보실래요),8.1,1223.0,2020-02-21
6시내고향,8.1,1203.0,2020-02-21
티비는사랑을싣고,7.4,1178.0,2020-02-21
KBS뉴스(09:30),6.9,972.0,2020-02-21
신상출시편스토랑,6.5,1067.0,2020-02-21
MBC뉴스데스크,6.3,1154.0,2020-02-21
SBS8뉴스,6.1,1026.0,2020-02-21
KBS뉴스광장2부,6.0,,2020-02-21
2TV생생정보,,981.0,2020-02-21
주말드라마(사랑은뷰티풀인생은원더풀),22.4,3873.0,2020-02-22
KBS9시뉴스,13.4,2597.0,2020-02-22
주말특별기획(두번은없다),8.6,1409.0,2020-02-22
KBS뉴스특보,7.5,1498.0,2020-02-22
금토드라마(하이에나),7.5,1418.0,2020-02-22
김영철의동네한바퀴,8.4,1356.0,2020-02-22
불후의명곡,8.4,1366.0,2020-02-22
시니어토크쇼황금연못,8.2,1305.0,2020-02-22
정글의법칙IN폰페이,7.2,1480.0,2020-02-22
MBC뉴스데스크,7.9,1634.0,2020-02-22
걸어서세계속으로,7.7,1262.0,2020-02-22
놀면뭐하니,7.7,1695.0,2020-02-22
팔도밥상,7.1,,2020-02-22
전지적참견시점,,1464.0,2020-02-22
SBS8뉴스,,1231.0,2020-02-22
주말드라마(사랑은뷰티풀인생은원더풀),26.4,4569.0,2020-02-23
미운우리새끼다시쓰는육아일기,11.0,2122.0,2020-02-23
슈퍼맨이돌아왔다,11.8,2348.0,2020-02-23
전국노래자랑,12.6,2075.0,2020-02-23
KBS뉴스특보,9.3,1506.0,2020-02-23
KBS9시뉴스,11.7,2141.0,2020-02-23
TV동물농장,7.8,1577.0,2020-02-23
1박2일,7.9,1704.0,2020-02-23
사장님귀는당나귀귀,9.2,1756.0,2020-02-23
미스터리음악쇼복면가왕,8.6,1439.0,2020-02-23
TV쇼진품명품,7.8,,2020-02-23
동거동락인생과외집사부일체,7.3,1599.0,2020-02-23
MBC뉴스데스크,7.2,1451.0,2020-02-23
런닝맨,,1596.0,2020-02-23
SBS8뉴스,,1403.0,2020-02-23
월화드라마(낭만닥터김사부2),19.4,3749.0,2020-02-24
일일연속극(꽃길만걸어요),21.7,3626.0,2020-02-24
일일드라마(우아한모녀),17.0,2799.0,2020-02-24
KBS9시뉴스,16.7,2891.0,2020-02-24
인간극장,10.9,1768.0,2020-02-24
KBS뉴스7,9.6,1811.0,2020-02-24
6시내고향,9.6,1506.0,2020-02-24
KBS뉴스특보,6.9,1305.0,2020-02-24
무엇이든물어보세요스페셜,8.7,1335.0,2020-02-24
가요무대,8.5,1296.0,2020-02-24
MBC뉴스데스크,8.0,1503.0,2020-02-24
아침연속극(맛좀보실래요),7.9,1189.0,2020-02-24
동상이몽2너는내운명,7.5,1340.0,2020-02-24
생활의달인,7.2,1330.0,2020-02-24
KBS뉴스광장2부,7.1,1104.0,2020-02-24
개는훌륭하다,6.9,1320.0,2020-02-24
SBS8뉴스,6.5,1318.0,2020-02-24
2TV생생정보,,1140.0,2020-02-24
월화드라마(낭만닥터김사부2),21.1,4078.0,2020-02-25
일일연속극(꽃길만걸어요),21.8,3628.0,2020-02-25
일일드라마(우아한모녀),17.4,2841.0,2020-02-25
KBS9시뉴스,15.0,2561.0,2020-02-25
인간극장,10.4,1591.0,2020-02-25
6시내고향,9.3,1438.0,2020-02-25
아침마당,8.8,1274.0,2020-02-25
KBS뉴스7,8.7,1497.0,2020-02-25
아침연속극(맛좀보실래요),8.7,1297.0,2020-02-25
KBS뉴스특보,7.4,1075.0,2020-02-25
2TV생생정보,7.3,1166.0,2020-02-25
MBC뉴스데스크,7.3,1357.0,2020-02-25
생활의달인,7.0,1271.0,2020-02-25
무엇이든물어보세요,6.8,1091.0,2020-02-25
SBS8뉴스,6.7,1356.0,2020-02-25
불타는청춘,6.5,1113.0,2020-02-25
KBS뉴스광장2부,6.5,,2020-02-25
일일연속극(꽃길만걸어요),22.1,3658.0,2020-02-26
일일드라마(우아한모녀),17.0,2883.0,2020-02-26
KBS9시뉴스,15.5,2596.0,2020-02-26
살림하는남자들,8.5,1513.0,2020-02-26
인간극장,11.0,1716.0,2020-02-26
KBS뉴스7,9.4,1597.0,2020-02-26
아침마당,8.8,1317.0,2020-02-26
아침연속극(맛좀보실래요),8.7,1324.0,2020-02-26
6시내고향,8.4,1259.0,2020-02-26
KBS뉴스특보,6.9,1022.0,2020-02-26
백종원의골목식당,6.4,1147.0,2020-02-26
MBC뉴스데스크,7.5,1377.0,2020-02-26
KBS뉴스광장2부,7.0,1038.0,2020-02-26
2TV생생정보,6.6,1166.0,2020-02-26
SBS8뉴스,6.3,1372.0,2020-02-26
수목드라마(포레스트),5.8,1030.0,2020-02-26
코로나19함께이겨냅시다,5.8,,2020-02-26
실화탐사대,,1027.0,2020-02-26
일일연속극(꽃길만걸어요),22.2,3644.0,2020-02-27
일일드라마(우아한모녀),18.0,2953.0,2020-02-27
KBS9시뉴스,13.7,2462.0,2020-02-27
인간극장,10.4,1531.0,2020-02-27
순간포착,8.2,1578.0,2020-02-27
KBS뉴스7,9.2,1507.0,2020-02-27
아침연속극(맛좀보실래요),9.0,1359.0,2020-02-27
아침마당,8.5,1182.0,2020-02-27
KBS뉴스특보,5.2,1036.0,2020-02-27
MBC뉴스데스크,8.0,1461.0,2020-02-27
6시내고향,7.7,1178.0,2020-02-27
KBS뉴스광장2부,7.2,1045.0,2020-02-27
2TV생생정보,6.2,1093.0,2020-02-27
SBS8뉴스,6.0,1163.0,2020-02-27
무엇이든물어보세요,5.8,,2020-02-27
OPEN맛남의광장,5.5,893.0,2020-02-27
수목드라마(포레스트),,887.0,2020-02-27
일일연속극(꽃길만걸어요),22.2,3716.0,2020-02-28
일일드라마(우아한모녀),16.6,2723.0,2020-02-28
KBS9시뉴스,15.3,2582.0,2020-02-28
궁금한이야기Y,8.9,1475.0,2020-02-28
나혼자산다,8.9,1719.0,2020-02-28
금토드라마(하이에나),9.3,1712.0,2020-02-28
KBS뉴스7,10.0,1783.0,2020-02-28
인간극장,10.0,1551.0,2020-02-28
6시내고향,9.9,1522.0,2020-02-28
아침연속극(맛좀보실래요),8.9,1358.0,2020-02-28
아침마당,8.8,1254.0,2020-02-28
KBS뉴스특보,6.4,1273.0,2020-02-28
MBC뉴스데스크,7.4,1375.0,2020-02-28
시사직격,7.2,1231.0,2020-02-28
신상출시편스토랑,7.0,1193.0,2020-02-28
SBS8뉴스,6.3,1397.0,2020-02-28
편애중계,,1087.0,2020-02-28
주말드라마(사랑은뷰티풀인생은원더풀),22.6,3881.0,2020-02-29
주말특별기획(두번은없다),9.2,1450.0,2020-02-29
KBS9시뉴스,11.8,1994.0,2020-02-29
놀면뭐하니,10.8,1535.0,2020-02-29
금토드라마(하이에나),6.8,1345.0,2020-02-29
시사직격,9.5,1434.0,2020-02-29
시니어토크쇼황금연못,9.4,1450.0,2020-02-29
KBS뉴스특보,6.8,1470.0,2020-02-29
불후의명곡,8.2,1412.0,2020-02-29
정글의법칙HUNGERGAME2,8.0,1218.0,2020-02-29
MBC뉴스데스크,7.0,1383.0,2020-02-29
코로나19특집바이러스와의전쟁,6.8,,2020-02-29
남북의창,6.8,,2020-02-29
전지적참견시점,,1419.0,2020-02-29
나혼자산다스페셜,,1216.0,2020-02-29
주말드라마(사랑은뷰티풀인생은원더풀),27.2,4942.0,2020-03-01
미운우리새끼다시쓰는육아일기,14.1,2606.0,2020-03-01
슈퍼맨이돌아왔다,7.9,1805.0,2020-03-01
전국노래자랑스페셜,10.4,1850.0,2020-03-01
미스터리음악쇼복면가왕,10.3,1860.0,2020-03-01
KBS9시뉴스,10.1,1634.0,2020-03-01
1박2일,7.5,1669.0,2020-03-01
KBS뉴스특보,7.8,1758.0,2020-03-01
사장님귀는당나귀귀,9.6,1870.0,2020-03-01
동거동락인생과외집사부일체,9.3,1440.0,2020-03-01
MBC뉴스데스크,8.7,1771.0,2020-03-01
런닝맨,8.1,1995.0,2020-03-01
구해줘홈즈,7.0,1502.0,2020-03-01
SBS8뉴스,,1470.0,2020-03-01
일일연속극(꽃길만걸어요),22.0,3564.0,2020-03-02
일일드라마(우아한모녀),17.0,2699.0,2020-03-02
KBS9시뉴스,15.7,2739.0,2020-03-02
인간극장,10.3,1551.0,2020-03-02
월화드라마(아무도모른다),6.6,1145.0,2020-03-02
가요무대,9.0,1456.0,2020-03-02
KBS뉴스7,8.9,1527.0,2020-03-02
아침연속극(맛좀보실래요),8.5,1259.0,2020-03-02
아침마당,8.2,1226.0,2020-03-02
개는훌륭하다,8.1,1460.0,2020-03-02
6시내고향,8.0,1269.0,2020-03-02
옥탑방의문제아들,7.5,1433.0,2020-03-02
동상이몽2너는내운명,6.1,1096.0,2020-03-02
MBC뉴스데스크,7.2,1261.0,2020-03-02
탐사기획스트레이트,6.8,1122.0,2020-03-02
KBS뉴스특보,6.6,1056.0,2020-03-02
생활의달인,6.2,1291.0,2020-03-02
KBS뉴스광장2부,6.2,,2020-03-02
SBS8뉴스,,1328.0,2020-03-02
일일연속극(꽃길만걸어요),21.7,3578.0,2020-03-03
일일드라마(우아한모녀),16.9,2734.0,2020-03-03
KBS9시뉴스,16.5,2835.0,2020-03-03
인간극장,10.4,1621.0,2020-03-03
아침연속극(맛좀보실래요),9.3,1401.0,2020-03-03
KBS뉴스7,9.1,1557.0,2020-03-03
월화드라마(아무도모른다),7.1,1158.0,2020-03-03
6시내고향,8.4,1351.0,2020-03-03
아침마당,8.2,1207.0,2020-03-03
다큐인사이트(23.5RHYTHMOFTHEEARTH1부),7.2,1239.0,2020-03-03
KBS뉴스광장2부,7.1,1092.0,2020-03-03
MBC뉴스데스크,7.1,1386.0,2020-03-03
KBS뉴스특보,5.8,880.0,2020-03-03
불타는청춘,6.5,853.0,2020-03-03
SBS8뉴스,6.0,1232.0,2020-03-03
일일드라마(나쁜사랑),5.8,,2020-03-03
2TV생생정보,5.8,980.0,2020-03-03
생활의달인,5.4,975.0,2020-03-03
일일연속극(꽃길만걸어요),21.0,3348.0,2020-03-04
일일드라마(우아한모녀),16.8,2742.0,2020-03-04
트롯신이떴다,9.2,1593.0,2020-03-04
KBS9시뉴스,13.1,2182.0,2020-03-04
살림하는남자들,8.4,1439.0,2020-03-04
인간극장,10.2,1611.0,2020-03-04
아침연속극(맛좀보실래요),8.9,1387.0,2020-03-04
6시내고향,8.5,1303.0,2020-03-04
백종원의골목식당,7.1,1351.0,2020-03-04
KBS뉴스7,8.1,1276.0,2020-03-04
아침마당,7.5,1190.0,2020-03-04
코로나19통합뉴스룸,7.4,1162.0,2020-03-04
MBC뉴스데스크,7.3,1358.0,2020-03-04
2TV생생정보,7.0,1168.0,2020-03-04
KBS뉴스광장2부,6.7,,2020-03-04
황금어장라디오스타,6.5,1283.0,2020-03-04
SBS8뉴스,,1223.0,2020-03-04
일일연속극(꽃길만걸어요),21.9,3661.0,2020-03-05
일일드라마(우아한모녀),17.7,2811.0,2020-03-05
KBS9시뉴스,12.7,2139.0,2020-03-05
순간포착,8.1,1567.0,2020-03-05
인간극장,9.6,1506.0,2020-03-05
KBS뉴스7,9.5,1608.0,2020-03-05
6시내고향,8.9,1347.0,2020-03-05
아침연속극(맛좀보실래요),8.8,1376.0,2020-03-05
아침마당,8.3,1224.0,2020-03-05
코로나19통합뉴스룸,7.8,1207.0,2020-03-05
MBC뉴스데스크,7.4,1221.0,2020-03-05
2TV생생정보,7.0,1109.0,2020-03-05
KBS뉴스광장2부,6.7,1047.0,2020-03-05
SBS8뉴스,6.1,1313.0,2020-03-05
일상속미스터리발견제보자들,5.8,930.0,2020-03-05
일일드라마(나쁜사랑),5.6,823.0,2020-03-05
KBS뉴스12,5.2,,2020-03-05
OPEN맛남의광장,5.1,887.0,2020-03-05
일일연속극(꽃길만걸어요),22.4,3793.0,2020-03-06
일일드라마(우아한모녀),17.7,2878.0,2020-03-06
KBS9시뉴스,15.6,2709.0,2020-03-06
금토드라마(하이에나),8.8,1631.0,2020-03-06
나혼자산다,8.6,1863.0,2020-03-06
인간극장,10.1,1568.0,2020-03-06
궁금한이야기Y,7.5,1307.0,2020-03-06
아침마당,8.4,1120.0,2020-03-06
아침연속극(맛좀보실래요),8.4,1321.0,2020-03-06
KBS뉴스7,8.2,1387.0,2020-03-06
6시내고향,7.8,1198.0,2020-03-06
편애중계,7.7,1002.0,2020-03-06
KBS뉴스광장2부,6.7,,2020-03-06
코로나19통합뉴스룸,6.7,,2020-03-06
MBC뉴스데스크,6.6,1242.0,2020-03-06
신상출시편스토랑,6.5,1234.0,2020-03-06
SBS8뉴스,6.3,1309.0,2020-03-06
2TV생생정보,,1054.0,2020-03-06
주말드라마(사랑은뷰티풀인생은원더풀),24.3,4202.0,2020-03-07
주말특별기획(두번은없다),9.8,1562.0,2020-03-07
불후의명곡,10.9,1765.0,2020-03-07
KBS9시뉴스,10.9,1929.0,2020-03-07
금토드라마(하이에나),7.7,1501.0,2020-03-07
코로나19통합뉴스룸,8.4,1225.0,2020-03-07
놀면뭐하니,7.0,1603.0,2020-03-07
정글의법칙HUNGERGAME2,7.9,1468.0,2020-03-07
시니어토크쇼황금연못,7.4,,2020-03-07
그것이알고싶다,7.3,1297.0,2020-03-07
전지적참견시점,7.1,1479.0,2020-03-07
나혼자산다스페셜,7.0,,2020-03-07
걸어서세계속으로,7.0,,2020-03-07
김영철의동네한바퀴,7.0,1199.0,2020-03-07
트롯신이떴다,,1295.0,2020-03-07
MBC뉴스데스크,,1281.0,2020-03-07
주말드라마(사랑은뷰티풀인생은원더풀),28.8,5038.0,2020-03-08
미운우리새끼다시쓰는육아일기,11.8,2235.0,2020-03-08
슈퍼맨이돌아왔다,10.7,2077.0,2020-03-08
1박2일,9.0,1819.0,2020-03-08
전국노래자랑스페셜,12.5,2118.0,2020-03-08
KBS9시뉴스,10.4,1774.0,2020-03-08
코로나19통합뉴스룸,10.3,1645.0,2020-03-08
TV동물농장,8.8,1426.0,2020-03-08
사장님귀는당나귀귀,10.0,1838.0,2020-03-08
미스터리음악쇼복면가왕,9.4,1746.0,2020-03-08
동거동락인생과외집사부일체,7.4,1671.0,2020-03-08
런닝맨,7.2,1759.0,2020-03-08
MBC뉴스데스크,7.1,1392.0,2020-03-08
TV쇼진품명품,6.5,,2020-03-08
구해줘홈즈,,1242.0,2020-03-08
일일연속극(꽃길만걸어요),22.2,3601.0,2020-03-09
일일드라마(우아한모녀),16.3,2700.0,2020-03-09
KBS9시뉴스,15.4,2606.0,2020-03-09
인간극장,11.0,1704.0,2020-03-09
KBS뉴스7,10.2,1634.0,2020-03-09
가요무대,9.9,1560.0,2020-03-09
월화드라마(아무도모른다),7.1,1230.0,2020-03-09
아침연속극(맛좀보실래요),8.9,1327.0,2020-03-09
6시내고향,8.9,1394.0,2020-03-09
탐사기획스트레이트,8.0,1659.0,2020-03-09
우리말겨루기,7.8,1203.0,2020-03-09
MBC뉴스데스크,7.8,1513.0,2020-03-09
아침마당,7.7,1116.0,2020-03-09
코로나19통합뉴스룸,7.1,,2020-03-09
KBS뉴스광장2부,6.7,,2020-03-09
동상이몽2너는내운명,6.7,1156.0,2020-03-09
2TV생생정보,6.5,1117.0,2020-03-09
옥탑방의문제아들,6.5,1187.0,2020-03-09
개는훌륭하다,6.4,1171.0,2020-03-09
SBS8뉴스,,1210.0,2020-03-09
생활의달인,,1114.0,2020-03-09
일일연속극(꽃길만걸어요),21.5,3485.0,2020-03-10
일일드라마(우아한모녀),17.2,2775.0,2020-03-10
KBS9시뉴스,15.9,2603.0,2020-03-10
KBS뉴스7,10.6,1698.0,2020-03-10
인간극장,10.1,1639.0,2020-03-10
월화드라마(아무도모른다),7.8,1296.0,2020-03-10
6시내고향,9.3,1473.0,2020-03-10
아침마당,8.9,1354.0,2020-03-10
아침연속극(맛좀보실래요),8.8,1316.0,2020-03-10
MBC뉴스데스크,7.6,1369.0,2020-03-10
코로나19통합뉴스룸,7.4,1061.0,2020-03-10
불타는청춘,6.9,875.0,2020-03-10
KBS뉴스광장2부,6.7,1008.0,2020-03-10
생활의달인,6.5,1220.0,2020-03-10
2TV생생정보,6.5,1216.0,2020-03-10
PD수첩,6.4,1114.0,2020-03-10
휴먼다큐사람이좋다,6.2,,2020-03-10
이웃집찰스,6.0,918.0,2020-03-10
SBS8뉴스,5.8,1245.0,2020-03-10
일일연속극(꽃길만걸어요),22.1,3557.0,2020-03-11
일일드라마(우아한모녀),16.6,2627.0,2020-03-11
트롯신이떴다,12.1,2106.0,2020-03-11
KBS9시뉴스,13.9,2454.0,2020-03-11
살림하는남자들,9.6,1641.0,2020-03-11
인간극장,11.0,1747.0,2020-03-11
아침연속극(맛좀보실래요),9.1,1446.0,2020-03-11
백종원의골목식당,7.3,1424.0,2020-03-11
아침마당,8.9,1387.0,2020-03-11
KBS뉴스7,8.1,1472.0,2020-03-11
6시내고향,7.5,1216.0,2020-03-11
KBS뉴스광장2부,7.5,1163.0,2020-03-11
MBC뉴스데스크,7.4,1426.0,2020-03-11
코로나19통합뉴스룸,6.7,1037.0,2020-03-11
SBS8뉴스,5.9,1297.0,2020-03-11
실화탐사대,5.5,950.0,2020-03-11
2TV생생정보,5.5,,2020-03-11
본격연예한밤,,925.0,2020-03-11
일일연속극(꽃길만걸어요),22.2,3633.0,2020-03-12
일일드라마(우아한모녀),16.9,2628.0,2020-03-12
KBS9시뉴스,14.5,2388.0,2020-03-12
인간극장,9.9,1555.0,2020-03-12
아침연속극(맛좀보실래요),9.5,1453.0,2020-03-12
KBS뉴스7,9.1,1432.0,2020-03-12
순간포착,6.9,1174.0,2020-03-12
6시내고향,8.8,1358.0,2020-03-12
아침마당,7.5,1053.0,2020-03-12
한국인의밥상,7.4,1160.0,2020-03-12
MBC뉴스데스크,7.0,1307.0,2020-03-12
2TV생생정보,6.7,1135.0,2020-03-12
코로나19통합뉴스룸,4.5,950.0,2020-03-12
KBS뉴스광장2부,6.3,937.0,2020-03-12
일일드라마(나쁜사랑),6.1,820.0,2020-03-12
KBS뉴스12,5.7,838.0,2020-03-12
SBS8뉴스,5.4,1067.0,2020-03-12
무엇이든물어보세요,5.1,810.0,2020-03-12
다큐인사이트(23.5RHYTHMOFTHEEARTH2부),,749.0,2020-03-12
일일연속극(꽃길만걸어요),22.2,3488.0,2020-03-13
일일드라마(우아한모녀),17.2,2758.0,2020-03-13
KBS9시뉴스,14.4,2385.0,2020-03-13
금토드라마(하이에나),8.8,1698.0,2020-03-13
나혼자산다,7.4,1500.0,2020-03-13
인간극장,9.7,1517.0,2020-03-13
KBS뉴스7,9.6,1620.0,2020-03-13
궁금한이야기Y,8.0,1485.0,2020-03-13
아침연속극(맛좀보실래요),8.9,1356.0,2020-03-13
아침마당,8.5,1157.0,2020-03-13
6시내고향,8.1,1296.0,2020-03-13
티비는사랑을싣고,7.1,1118.0,2020-03-13
코로나19통합뉴스룸,6.5,1017.0,2020-03-13
KBS뉴스광장2부,6.5,,2020-03-13
MBC뉴스데스크,6.3,1113.0,2020-03-13
신상출시편스토랑,6.3,1226.0,2020-03-13
시사직격,6.2,987.0,2020-03-13
SBS8뉴스,,1389.0,2020-03-13
주말드라마(사랑은뷰티풀인생은원더풀),15.9,2797.0,2020-03-14
금토드라마(하이에나),9.0,1875.0,2020-03-14
KBS9시뉴스,11.4,2035.0,2020-03-14
놀면뭐하니,6.6,1666.0,2020-03-14
그것이알고싶다,8.4,1718.0,2020-03-14
정글의법칙HUNGERGAME2,6.7,1501.0,2020-03-14
시니어토크쇼황금연못,7.9,1191.0,2020-03-14
코로나19통합뉴스룸,7.7,1158.0,2020-03-14
특파원보고세계는지금,7.6,1350.0,2020-03-14
걸어서세계속으로,7.6,1057.0,2020-03-14
김영철의동네한바퀴,7.5,1253.0,2020-03-14
불후의명곡,7.3,1268.0,2020-03-14
전지적참견시점,7.1,1635.0,2020-03-14
남북의창,6.5,1016.0,2020-03-14
나혼자산다스페셜,6.3,1172.0,2020-03-14
KBS뉴스광장2부,6.1,,2020-03-14
개그콘서트,,1318.0,2020-03-14
주말드라마(사랑은뷰티풀인생은원더풀),28.8,5054.0,2020-03-15
미운우리새끼다시쓰는육아일기,12.0,2287.0,2020-03-15
슈퍼맨이돌아왔다,11.7,2230.0,2020-03-15
1박2일,8.3,1672.0,2020-03-15
코로나19통합뉴스룸,10.9,1737.0,2020-03-15
미스터리음악쇼복면가왕,6.9,1287.0,2020-03-15
전국노래자랑스페셜,10.7,1661.0,2020-03-15
KBS9시뉴스,10.5,1796.0,2020-03-15
TV동물농장,8.1,1523.0,2020-03-15
사장님귀는당나귀귀,8.4,1578.0,2020-03-15
MBC뉴스데스크,7.3,1451.0,2020-03-15
런닝맨,7.2,1698.0,2020-03-15
구해줘홈즈,6.8,1508.0,2020-03-15
SBS8뉴스,,1428.0,2020-03-15
일일연속극(꽃길만걸어요),21.5,3677.0,2020-03-16
일일드라마(우아한모녀),16.9,2840.0,2020-03-16
KBS9시뉴스,14.7,2573.0,2020-03-16
인간극장,10.4,1481.0,2020-03-16
월화드라마(아무도모른다),7.5,1280.0,2020-03-16
KBS뉴스7,9.7,1584.0,2020-03-16
가요무대스페셜,9.6,1526.0,2020-03-16
개는훌륭하다,9.0,1648.0,2020-03-16
아침연속극(맛좀보실래요),9.0,1384.0,2020-03-16
6시내고향,8.9,1405.0,2020-03-16
아침마당,8.6,1235.0,2020-03-16
코로나19통합뉴스룸,8.1,1160.0,2020-03-16
MBC뉴스데스크,7.8,1538.0,2020-03-16
탐사기획스트레이트,7.3,1359.0,2020-03-16
우리말겨루기,7.2,1149.0,2020-03-16
동상이몽2너는내운명,7.1,1328.0,2020-03-16
KBS뉴스광장2부,7.1,,2020-03-16
2TV생생정보,6.5,,2020-03-16
SBS8뉴스,6.4,1332.0,2020-03-16
생활의달인,,1152.0,2020-03-16
옥탑방의문제아들,,1135.0,2020-03-16
일일연속극(꽃길만걸어요),22.1,3548.0,2020-03-17
일일드라마(우아한모녀),16.8,2642.0,2020-03-17
KBS9시뉴스,14.8,2518.0,2020-03-17
인간극장,10.3,1596.0,2020-03-17
아침마당,9.1,1295.0,2020-03-17
월화드라마(아무도모른다),7.6,1205.0,2020-03-17
KBS뉴스7,9.0,1551.0,2020-03-17
아침연속극(맛좀보실래요),8.7,1285.0,2020-03-17
MBC뉴스데스크,8.1,1415.0,2020-03-17
6시내고향,8.0,1284.0,2020-03-17
코로나19통합뉴스룸,7.1,1042.0,2020-03-17
불타는청춘,5.8,1094.0,2020-03-17
KBS뉴스광장2부,6.7,984.0,2020-03-17
SBS8뉴스,6.6,1280.0,2020-03-17
KBS뉴스12,6.3,899.0,2020-03-17
휴먼다큐사람이좋다,6.0,,2020-03-17
이웃집찰스,5.9,895.0,2020-03-17
생활의달인,5.9,1016.0,2020-03-17
2TV생생정보,,997.0,2020-03-17
일일연속극(꽃길만걸어요),22.1,3563.0,2020-03-18
일일드라마(우아한모녀),17.2,2775.0,2020-03-18
트롯신이떴다,11.8,2031.0,2020-03-18
KBS9시뉴스,15.0,2521.0,2020-03-18
살림하는남자들,9.4,1636.0,2020-03-18
백종원의골목식당,9.7,1662.0,2020-03-18
인간극장,10.4,1636.0,2020-03-18
아침연속극(맛좀보실래요),8.8,1316.0,2020-03-18
KBS뉴스7,8.3,1366.0,2020-03-18
MBC뉴스데스크,8.1,1459.0,2020-03-18
6시내고향,7.8,1185.0,2020-03-18
KBS뉴스광장2부,7.7,1182.0,2020-03-18
아침마당,6.7,997.0,2020-03-18
코로나19통합뉴스룸,6.2,941.0,2020-03-18
일일드라마(나쁜사랑),5.8,,2020-03-18
실화탐사대,5.3,1068.0,2020-03-18
2TV생생정보,5.3,929.0,2020-03-18
SBS8뉴스,,1113.0,2020-03-18
